<?xml version="1.0" encoding="utf-8" ?>
<odoo>
	<data>

        <record id="sales_team.group_sale_salesman" model="res.groups">
            <field name="name">User: Own Documents Only</field>
            <field name="category_id" ref="base.module_category_sales_sales"/>
            <field name="implied_ids" eval="[(4, ref('base.group_user'))]"/>
            <field name="comment">the user will have access to his own data in the sales application.</field>
        </record>

        <record id="group_team_leader_doc" model="res.groups">
            <field name="name">Team Leader : Team Document</field>
            <field name="category_id" ref="base.module_category_sales_sales"/>
            <field name="implied_ids" eval="[(4, ref('sales_team.group_sale_salesman'))]"/>
        </record>

        <record id="sales_team.group_sale_salesman_all_leads" model="res.groups">
            <field name="name">User: All Documents</field>
            <field name="category_id" ref="base.module_category_sales_sales"/>
            <field name="implied_ids" eval="[(4, ref('group_team_leader_doc'))]"/>
            <field name="comment">the user will have access to all records of everyone in the sales application.</field>
        </record>

        <record id="sales_team.group_sale_manager" model="res.groups">
            <field name="name">Administrator</field>
            <field name="comment">the user will have an access to the sales configuration as well as statistic reports.</field>
            <field name="category_id" ref="base.module_category_sales_sales"/>
            <field name="implied_ids" eval="[(4, ref('sales_team.group_sale_salesman_all_leads'))]"/>
            <field name="users" eval="[(4, ref('base.user_root')), (4, ref('base.user_admin'))]"/>
        </record>

        <record id="multi_level_so_line_record_rule" model="ir.rule">
            <field name="name">Multi Level Sale Order Line</field>
            <field ref="sale.model_sale_order_line" name="model_id"/>
            <field name="domain_force">['|','|','|',
            	('order_id.team_id.member_ids', 'in', [user.id]),
            	('order_id.team_id.user_id', '=', user.id),
            	('order_id.team_id.parent_team_id.member_ids', 'in', [user.id]),
            	('order_id.team_id.parent_team_id.user_id', '=', user.id)]</field>
            <field name="groups" eval="[(4, ref('multilevel_sales_team_operation_app.group_team_leader_doc'))]"/>
        </record>

        <record id="multi_level_so_record_rule" model="ir.rule">
            <field name="name">Multi Level Sale Order</field>
            <field ref="sale.model_sale_order" name="model_id"/>
            <field name="domain_force">['|','|','|',
            	('team_id.member_ids', 'in', [user.id]),
            	('team_id.user_id', '=', user.id),
            	('team_id.parent_team_id.member_ids', 'in', [user.id]),
            	('team_id.parent_team_id.user_id', '=', user.id)]</field>
            <field name="groups" eval="[(4, ref('multilevel_sales_team_operation_app.group_team_leader_doc'))]"/>
        </record>

        <record id="multi_level_crm_record_rule" model="ir.rule">
            <field name="name">Multi Level Crm Lead</field>
            <field ref="crm.model_crm_lead" name="model_id"/>
            <field name="domain_force">['|','|','|',
            	('team_id.member_ids', 'in', [user.id]),
            	('team_id.user_id', '=', user.id),
            	('team_id.parent_team_id.member_ids', 'in', [user.id]),
            	('team_id.parent_team_id.user_id', '=', user.id)]
            </field>
            <field name="groups" eval="[(4, ref('multilevel_sales_team_operation_app.group_team_leader_doc'))]"/>
        </record>
    </data>
</odoo>
