<?xml version="1.0" encoding="utf-8"?>
<odoo>
    <data noupdate="1">
        <!-- Widget 'image' for 'binary' field -->
        <record id="dynamic_field_widget_image" model="dynamic.field.widgets">
            <field name="name">image</field>
            <field name="data_type">binary</field>
            <field name="description">Image</field>
        </record>
        <!-- Widget 'many2many_tags' for 'many 2 many' field -->
        <record id="dynamic_field_widget_many2many_tags" model="dynamic.field.widgets">
            <field name="name">many2many_tags</field>
            <field name="data_type">many2many</field>
            <field name="description">Many2many Tags</field>
        </record>
        <!-- Widget 'binary' for 'many 2 many' field -->
        <record id="dynamic_field_widget_binary" model="dynamic.field.widgets">
            <field name="name">binary</field>
            <field name="data_type">many2many</field>
            <field name="description">Binary</field>
        </record>
        <!-- Widget 'radio' for 'selection' field -->
        <record id="dynamic_field_widget_radio" model="dynamic.field.widgets">
            <field name="name">radio</field>
            <field name="data_type">selection</field>
            <field name="description">Radio</field>
        </record>
        <!-- Widget 'priority' for 'selection' field -->
        <record id="dynamic_field_widget_priority" model="dynamic.field.widgets">
            <field name="name">priority</field>
            <field name="data_type">selection</field>
            <field name="description">Priority</field>
        </record>
        <!-- Widget 'monetary' for 'float' field -->
        <record id="dynamic_field_widget_monetary" model="dynamic.field.widgets">
            <field name="name">monetary</field>
            <field name="data_type">float</field>
            <field name="description">Monetary</field>
        </record>
        <!-- Widget 'selection' for 'Many_2_one' field -->
        <record id="dynamic_field_widget_selection" model="dynamic.field.widgets">
            <field name="name">selection</field>
            <field name="data_type">many2one</field>
            <field name="description">Selection</field>
        </record>
    </data>
</odoo>
