<?xml version="1.0" encoding="UTF-8"?>
<odoo>
    <!-- All in one dynamic custom fields module category-->
    <record id="module_category_all_in_one_dynamic_custom_fields"
            model="ir.module.category">
        <field name="name">All in One Custom Dynamic Fields</field>
        <field name="description">Helps you handle your All-in-One Custom
            Dynamic Fields Permissions
        </field>
        <field name="sequence">5</field>
    </record>
    <!-- All in one dynamic custom fields user group-->
    <record id="group_all_in_one_dynamic_custom_fields_user"
            model="res.groups">
        <field name="name">User</field>
        <field name="category_id"
               ref="all_in_one_dynamic_custom_fields.module_category_all_in_one_dynamic_custom_fields"/>
    </record>
    <!-- All in one dynamic custom fields administrator group-->
    <record id="group_all_in_one_dynamic_custom_fields_administrator"
            model="res.groups">
        <field name="name">Administrator</field>
        <field name="category_id"
               ref="all_in_one_dynamic_custom_fields.module_category_all_in_one_dynamic_custom_fields"/>
        <field name="implied_ids"
               eval="[(4, ref('all_in_one_dynamic_custom_fields.group_all_in_one_dynamic_custom_fields_user'))]"/>
        <field name="users"
               eval="[(4, ref('base.user_root')), (4, ref('base.user_admin'))]"/>
    </record>
</odoo>
