<?xml version="1.0" encoding="utf-8"?>
<odoo>
    <data noupdate="1">
        <!-- Widget 'image' for 'binary' field -->
        <record id="field_widgets_image_widget" model="field.widget">
            <field name="name">image</field>
            <field name="data_type">binary</field>
            <field name="description">Image</field>
        </record>
        <!-- Widget 'many2many_tags' for 'many2many' field -->
        <record id="field_widgets_many2many_tag_widget" model="field.widget">
            <field name="name">many2many_tags</field>
            <field name="data_type">many2many</field>
            <field name="description">Many2many Tags</field>
        </record>
        <!-- Widget 'many2many_binary' for 'many2many' field -->
        <record id="field_widgets_many2many_binary_widget" model="field.widget">
            <field name="name">many2many_binary</field>
            <field name="data_type">many2many</field>
            <field name="description">Binary</field>
        </record>
        <!-- Widget 'radio' for 'selection' field -->
        <record id="field_widgets_radio_widget" model="field.widget">
            <field name="name">radio</field>
            <field name="data_type">selection</field>
            <field name="description">Radio</field>
        </record>
        <!-- Widget 'priority' for 'selection' field -->
        <record id="field_widgets_priority_widget" model="field.widget">
            <field name="name">priority</field>
            <field name="data_type">selection</field>
            <field name="description">Priority</field>
        </record>
        <!-- Widget 'monetory' for 'float' field -->
        <record id="field_widgets_monetory_widget" model="field.widget">
            <field name="name">monetary</field>
            <field name="data_type">float</field>
            <field name="description">Monetary</field>
        </record>
        <!-- Widget 'selection' for 'Many2one' field -->
        <record id="field_widgets_selection_widget" model="field.widget">
            <field name="name">selection</field>
            <field name="data_type">many2one</field>
            <field name="description">Selection</field>
        </record>
  </data>
</odoo>
